{"move": [0.46875, 0.9375, 1.40625, 2.109375, 2.34375, 2.578125, 2.8125, 3.046875, 3.28125, 3.515625, 3.984375, 4.21875, 4.453125, 4.6875, 4.921875, 5.15625, 7.96875, 8.4375, 8.90625, 9.609375, 9.84375, 10.078125, 10.3125, 10.546875, 10.78125, 11.015625, 11.484375, 11.71875, 11.953125, 12.1875, 12.421875, 12.65625, 15.0, 15.46875, 15.9375, 16.640625, 16.875, 17.109375, 17.34375, 17.578125, 17.8125, 18.046875, 18.515625, 18.75, 18.984375, 19.21875, 19.453125, 19.6875], "light_on": [15.0, 16.875, 18.75, 20.625], "light_off": [15.9375, 17.8125, 19.6875, 21.5625], "door_open": [0.0, 3.75], "door_close": [1.875, 5.625], "bell_on": [7.5, 11.25], "bell_off": [9.375, 13.125], "gun": [6.5625, 14.0625]}