{"move": [16.875, 17.34375, 17.8125, 18.28125, 18.75, 19.21875, 19.6875, 20.15625, 20.625, 21.09375, 21.5625, 22.03125, 22.5, 22.96875, 23.4375, 23.90625, 24.375, 24.84375, 25.3125, 25.78125, 26.25, 26.71875, 27.1875, 27.65625, 28.125, 28.59375, 29.0625, 29.53125, 30.0, 30.46875, 30.9375, 31.40625, 31.875, 32.34375, 32.8125, 33.28125, 33.75, 34.21875, 34.6875, 35.15625, 35.625, 36.09375, 36.5625, 37.03125, 37.5, 37.96875, 38.4375, 38.90625, 39.375, 39.84375, 40.3125, 40.78125, 41.25, 41.71875, 42.1875, 42.65625, 43.125, 43.59375, 44.0625, 44.53125, 45.0, 45.46875, 45.9375, 46.40625, 46.875, 47.34375, 47.8125, 48.28125, 48.75, 49.21875, 49.6875, 50.15625, 50.625, 51.09375, 51.5625, 52.03125, 52.5, 52.96875, 53.4375, 53.90625, 54.375, 54.84375, 55.3125, 55.78125, 56.25, 56.71875, 57.1875, 57.65625, 58.125, 58.59375, 59.0625, 59.53125, 60.0, 60.46875, 60.9375, 61.40625, 61.875, 62.34375, 62.8125, 63.28125, 63.75, 64.21875, 64.6875, 65.15625, 65.625, 66.09375, 66.5625, 67.03125, 67.5, 67.96875, 68.4375, 68.90625, 69.375, 69.84375, 70.3125, 70.78125, 71.25, 71.71875, 72.1875, 72.65625, 73.125, 73.59375, 74.0625, 74.53125, 75.0, 75.46875, 75.9375, 76.40625, 76.875, 77.34375, 77.8125, 78.28125, 78.75, 79.21875, 79.6875, 80.15625, 80.625, 81.09375, 81.5625, 82.03125, 82.5, 82.96875, 83.4375, 83.90625, 84.375, 84.84375, 85.3125, 85.78125, 86.25, 86.71875, 87.1875, 87.65625, 88.125, 88.59375, 89.0625, 89.53125, 90.0, 90.46875, 90.9375, 91.40625, 91.875, 92.34375, 92.8125, 93.28125, 93.75, 94.21875, 94.6875, 95.15625, 95.625, 96.09375, 96.5625, 97.03125, 97.5, 97.96875, 98.4375, 98.90625], "lightsOff": [5.625, 18.515625, 22.265625, 27.890625, 31.640625, 37.265625, 41.015625, 50.390625, 63.515625, 67.265625, 72.890625, 76.640625, 82.265625, 86.015625, 91.875], "lightsOn": [7.5, 20.390625, 26.015625, 29.765625, 35.390625, 39.140625, 44.765625, 54.140625, 65.390625, 71.015625, 74.765625, 80.390625, 84.140625, 89.765625, 99.375], "gateOpen": [1.875, 19.453125, 23.203125, 26.953125, 30.703125, 34.453125, 38.203125, 41.953125, 45.703125, 49.453125, 53.203125, 56.953125, 60.703125, 64.453125, 68.203125, 75.703125, 85.078125, 88.828125, 91.875], "gateClose": [3.75, 21.328125, 25.078125, 28.828125, 32.578125, 36.328125, 40.078125, 43.828125, 47.578125, 51.328125, 55.078125, 58.828125, 62.578125, 66.328125, 73.828125, 81.328125, 86.953125, 90.703125, 99.375], "bellRing": [9.375, 46.875, 54.375, 60.0, 69.375, 76.875], "bellStop": [11.25, 48.75, 58.125, 61.875, 73.125, 80.625]}